{
  "name": "neat",
  "version": "1.7.0",
  "homepage": "http://neat.bourbon.io/",
  "main": "app/assets/stylesheets/_neat.scss",
  "ignore": [
    "bin",
    "lib",
    ".gitignore",
    "Gemfile",
    "Gemfile.lock",
    "Rakefile",
    "neat.gemspec",
    "CONTRIBUTING.md",
    "NEWS.md",
    "test",
    "spec"
  ],
  "dependencies": {
    "bourbon": ">=4.0"
  },
  "_release": "1.7.0",
  "_resolution": {
    "type": "version",
    "tag": "v1.7.0",
    "commit": "b3a0dbc3ce2787f6a13fb2b6661ca190f6fbca99"
  },
  "_source": "git://github.com/thoughtbot/neat.git",
  "_target": "~1.7.0",
  "_originalSource": "neat",
  "_direct": true
}