{
  "name": "bourbon",
  "homepage": "http://bourbon.io/",
  "version": "4.0.2",
  "main": "dist/_bourbon.scss",
  "ignore": [
    "app",
    "bin",
    "features",
    "lib",
    ".gitignore",
    "Gemfile",
    "Gemfile.lock",
    "Rakefile",
    "bourbon.gemspec"
  ],
  "_release": "4.0.2",
  "_resolution": {
    "type": "version",
    "tag": "v4.0.2",
    "commit": "216bef68de9f9e0a8a8f4f17c2676b19400a64a1"
  },
  "_source": "git://github.com/thoughtbot/bourbon.git",
  "_target": "~4.0.2",
  "_originalSource": "bourbon",
  "_direct": true
}